language,reviews,share
Chinese,4997,0.5010528426752231
English,4976,0.4989471573247769
